EPF,Mobile No.,Full Name
100001,+(94)000000001,Sample Name One
100002,+(94)000000002,Sample Name Two
100003,+(94)000000003,Sample Name Three
100004,+(94)000000004,Sample Name One
100005,+(94)000000005,Sample Name Two
100006,+(94)000000006,Sample Name Three
100007,+(94)000000007,Sample Name One
100008,+(94)000000008,Sample Name Two
100009,+(94)000000009,Sample Name Three
100010,+(94)000000010,Sample Name One
100011,+(94)000000011,Sample Name Two
100012,+(94)000000012,Sample Name Three
100013,+(94)000000013,Sample Name One
100014,+(94)000000014,Sample Name Two
100015,+(94)000000015,Sample Name Three
100016,+(94)000000016,Sample Name One
100017,+(94)000000017,Sample Name Two
100018,+(94)000000018,Sample Name Three
100019,+(94)000000019,Sample Name One
100020,+(94)000000020,Sample Name Two
100021,+(94)000000021,Sample Name Three
100022,+(94)000000022,Sample Name One
100023,+(94)000000023,Sample Name Two
100024,+(94)000000024,Sample Name Three
100025,+(94)000000025,Sample Name One
100026,+(94)000000026,Sample Name Two
100027,+(94)000000027,Sample Name Three
100028,+(94)000000028,Sample Name One
100029,+(94)000000029,Sample Name Two
100030,+(94)000000030,Sample Name Three
100031,+(94)000000031,Sample Name One
100032,+(94)000000032,Sample Name Two
100033,+(94)000000033,Sample Name Three
100034,+(94)000000034,Sample Name One
100035,+(94)000000035,Sample Name Two
100036,+(94)000000036,Sample Name Three
100037,+(94)000000037,Sample Name One
100038,+(94)000000038,Sample Name Two
100039,+(94)000000039,Sample Name Three
100040,+(94)000000040,Sample Name One
100041,+(94)000000041,Sample Name Two
100042,+(94)000000042,Sample Name Three
100043,+(94)000000043,Sample Name One
100044,+(94)000000044,Sample Name Two
100045,+(94)000000045,Sample Name Three
100046,+(94)000000046,Sample Name One
100047,+(94)000000047,Sample Name Two
100048,+(94)000000048,Sample Name Three
100049,+(94)000000049,Sample Name One
100050,+(94)000000050,Sample Name Two
100051,+(94)000000051,Sample Name Three
100052,+(94)000000052,Sample Name One
100053,+(94)000000053,Sample Name Two
100054,+(94)000000054,Sample Name Three
100055,+(94)000000055,Sample Name One
100056,+(94)000000056,Sample Name Two
100057,+(94)000000057,Sample Name Three
100058,+(94)000000058,Sample Name One
100059,+(94)000000059,Sample Name Two
100060,+(94)000000060,Sample Name Three
100061,+(94)000000061,Sample Name One
100062,+(94)000000062,Sample Name Two
100063,+(94)000000063,Sample Name Three
100064,+(94)000000064,Sample Name One
100065,+(94)000000065,Sample Name Two
100066,+(94)000000066,Sample Name Three
100067,+(94)000000067,Sample Name One
100068,+(94)000000068,Sample Name Two
100069,+(94)000000069,Sample Name Three
100070,+(94)000000070,Sample Name One
100071,+(94)000000071,Sample Name Two
100072,+(94)000000072,Sample Name Three
100073,+(94)000000073,Sample Name One
100074,+(94)000000074,Sample Name Two
100075,+(94)000000075,Sample Name Three
100076,+(94)000000076,Sample Name One
100077,+(94)000000077,Sample Name Two
100078,+(94)000000078,Sample Name Three
100079,+(94)000000079,Sample Name One
100080,+(94)000000080,Sample Name Two
100081,+(94)000000081,Sample Name Three
100082,+(94)000000082,Sample Name One
100083,+(94)000000083,Sample Name Two
100084,+(94)000000084,Sample Name Three
100085,+(94)000000085,Sample Name One
100086,+(94)000000086,Sample Name Two
100087,+(94)000000087,Sample Name Three
100088,+(94)000000088,Sample Name One
100089,+(94)000000089,Sample Name Two
100090,+(94)000000090,Sample Name Three
100091,+(94)000000091,Sample Name One
100092,+(94)000000092,Sample Name Two
100093,+(94)000000093,Sample Name Three
100094,+(94)000000094,Sample Name One
100095,+(94)000000095,Sample Name Two
100096,+(94)000000096,Sample Name Three
100097,+(94)000000097,Sample Name One
100098,+(94)000000098,Sample Name Two
100099,+(94)000000099,Sample Name Three
100100,+(94)000000100,Sample Name One
100101,+(94)000000101,Sample Name Two
100102,+(94)000000102,Sample Name Three
100103,+(94)000000103,Sample Name One
100104,+(94)000000104,Sample Name Two
100105,+(94)000000105,Sample Name Three
100106,+(94)000000106,Sample Name One
100107,+(94)000000107,Sample Name Two
100108,+(94)000000108,Sample Name Three
100109,+(94)000000109,Sample Name One
100110,+(94)000000110,Sample Name Two
100111,+(94)000000111,Sample Name Three
100112,+(94)000000112,Sample Name One
100113,+(94)000000113,Sample Name Two
100114,+(94)000000114,Sample Name Three
100115,+(94)000000115,Sample Name One
100116,+(94)000000116,Sample Name Two
100117,+(94)000000117,Sample Name Three
100118,+(94)000000118,Sample Name One
100119,+(94)000000119,Sample Name Two
100120,+(94)000000120,Sample Name Three
100121,+(94)000000121,Sample Name One
100122,+(94)000000122,Sample Name Two
100123,+(94)000000123,Sample Name Three
100124,+(94)000000124,Sample Name One
100125,+(94)000000125,Sample Name Two
100126,+(94)000000126,Sample Name Three
100127,+(94)000000127,Sample Name One
100128,+(94)000000128,Sample Name Two
100129,+(94)000000129,Sample Name Three
100130,+(94)000000130,Sample Name One
100131,+(94)000000131,Sample Name Two
100132,+(94)000000132,Sample Name Three
100133,+(94)000000133,Sample Name One
100134,+(94)000000134,Sample Name Two
100135,+(94)000000135,Sample Name Three
100136,+(94)000000136,Sample Name One
100137,+(94)000000137,Sample Name Two
100138,+(94)000000138,Sample Name Three
100139,+(94)000000139,Sample Name One
100140,+(94)000000140,Sample Name Two
100141,+(94)000000141,Sample Name Three
100142,+(94)000000142,Sample Name One
100143,+(94)000000143,Sample Name Two
100144,+(94)000000144,Sample Name Three
100145,+(94)000000145,Sample Name One
100146,+(94)000000146,Sample Name Two
100147,+(94)000000147,Sample Name Three
100148,+(94)000000148,Sample Name One
100149,+(94)000000149,Sample Name Two
100150,+(94)000000150,Sample Name Three
100151,+(94)000000151,Sample Name One
100152,+(94)000000152,Sample Name Two
100153,+(94)000000153,Sample Name Three
100154,+(94)000000154,Sample Name One
100155,+(94)000000155,Sample Name Two
100156,+(94)000000156,Sample Name Three
100157,+(94)000000157,Sample Name One
100158,+(94)000000158,Sample Name Two
100159,+(94)000000159,Sample Name Three
100160,+(94)000000160,Sample Name One
100161,+(94)000000161,Sample Name Two
100162,+(94)000000162,Sample Name Three
100163,+(94)000000163,Sample Name One
100164,+(94)000000164,Sample Name Two
100165,+(94)000000165,Sample Name Three
100166,+(94)000000166,Sample Name One
100167,+(94)000000167,Sample Name Two
100168,+(94)000000168,Sample Name Three
100169,+(94)000000169,Sample Name One
100170,+(94)000000170,Sample Name Two
100171,+(94)000000171,Sample Name Three
100172,+(94)000000172,Sample Name One
100173,+(94)000000173,Sample Name Two
100174,+(94)000000174,Sample Name Three
100175,+(94)000000175,Sample Name One
100176,+(94)000000176,Sample Name Two
100177,+(94)000000177,Sample Name Three
100178,+(94)000000178,Sample Name One
100179,+(94)000000179,Sample Name Two
100180,+(94)000000180,Sample Name Three
100181,+(94)000000181,Sample Name One
100182,+(94)000000182,Sample Name Two
100183,+(94)000000183,Sample Name Three
100184,+(94)000000184,Sample Name One
100185,+(94)000000185,Sample Name Two
100186,+(94)000000186,Sample Name Three
100187,+(94)000000187,Sample Name One
100188,+(94)000000188,Sample Name Two
100189,+(94)000000189,Sample Name Three
100190,+(94)000000190,Sample Name One
100191,+(94)000000191,Sample Name Two
100192,+(94)000000192,Sample Name Three
100193,+(94)000000193,Sample Name One
100194,+(94)000000194,Sample Name Two
100195,+(94)000000195,Sample Name Three
100196,+(94)000000196,Sample Name One
100197,+(94)000000197,Sample Name Two
100198,+(94)000000198,Sample Name Three
100199,+(94)000000199,Sample Name One
100200,+(94)000000200,Sample Name Two
